Year;Microred;District;day_sympoms_appeared;month_sympoms_appeared;year_sympoms_appeared;complaint_day;complaint_month;complaint_year;brain_sampling_shipping_day;brain_sampling_shipping_month;brain_sampling_shipping_year;Confirmation_day;Confirmation_month;Confirmation_year;day_containent_started;month_containent_started;year_containent_started;species
2015;ALTO SELVA ALEGRE;ALTO SELVA ALEGRE;13;3;2015;16;3;2015;17;3;2015;20;3;2015;20;3;2015;DOG
2015;EDIFICADORES MISTI;MIRAFLORES;22;3;2015;22;3;2015;25;3;2015;27;3;2015;;;;DOG
2015;MARIANO MELGAR;MARIANO MELGAR;25;3;2015;29;3;2015;30;3;2015;6;4;2015;;;;DOG
2015;MARIANO MELGAR;AREQUIPA;30;3;2015;30;3;2015;31;3;2015;6;4;2015;;;;DOG
2015;MARIANO MELGAR;MARIANO MELGAR;30;3;2015;31;3;2015;31;3;2015;6;4;2015;;;;DOG
2015;ALTO SELVA ALEGRE;ALTO SELVA ALEGRE;3;4;2015;;;;8;4;2015;10;4;2015;;;;DOG
2015;EDIFICADORES MISTI;MIRAFLORES;8;4;2015;;;;9;4;2015;10;4;2015;10;4;2015;DOG
2015;SOCABAYA;SOCABAYA;1;5;2015;2;5;2015;3;5;2015;4;5;2015;4;5;2015;DOG
2015;MARIANO MELGAR;MARIANO MELGAR;13;7;2015;16;7;2015;17;7;2015;20;7;2015;;;;DOG
2015;GENERALISIMO SAN MARTIN;MARIANO MELGAR;3;8;2015;;;;7;8;2015;10;8;2015;;;;DOG
2015;15 DE AGOSTO;PAUCARPATA;12;8;2015;13;8;2015;14;8;2015;14;8;2015;;;;DOG
2015;MARIANO MELGAR;AREQUIPA;15;8;2015;;;;18;8;2015;19;8;2015;;;;DOG
2015;GENERALISIMO SAN MARTIN;MARIANO MELGAR;7;9;2015;;;;7;9;2015;8;9;2015;8;9;2015;DOG
2015;GENERALISIMO SAN MARTIN;MARIANO MELGAR;;;;;;;28;9;2015;28;9;2015;28;9;2015;DOG
2015;GENERALISIMO SAN MARTIN;MARIANO MELGAR;;;;;;;14;10;2015;16;10;2015;15;10;2015;DOG
2015;MARIANO MELGAR;MARIANO MELGAR;10;11;2015;13;11;2015;13;11;2015;23;12;2015;;;;DOG
2015;MARIANO MELGAR;MARIANO MELGAR;13;11;2015;17;11;2015;18;11;2015;20;11;2015;;;;DOG
2015;GENERALISIMO SAN MARTIN;MARIANO MELGAR;;;;;;;26;11;2015;3;12;2015;4;12;2015;DOG
2015;GENERALISIMO SAN MARTIN;MARIANO MELGAR;;;;;;;3;12;2015;31;12;2015;4;12;2015;DOG
2016;MARITZA CAMPOS;CERRO COLORADO;27;1;2016;1;2;2016;2;2;2016;3;2;2016;3;2;2016;DOG
2016;MARITZA CAMPOS;CERRO COLORADO;;;;4;2;2016;5;2;2016;5;2;2016;5;2;2016;DOG
2016;GENERALISIMO SAN MARTIN;MARIANO MELGAR;7;2;2016;10;2;2016;10;2;2016;11;2;2016;;;;DOG
2016;MARITZA CAMPOS;CERRO COLORADO;16;2;2016;16;2;2016;17;2;2016;18;2;2016;17;2;2016;DOG
2016;MARITZA CAMPOS;CERRO COLORADO;17;2;2016;17;2;2016;17;2;2016;18;2;2016;18;2;2016;DOG
2016;MARITZA CAMPOS;CERRO COLORADO;4;4;2016;;;;5;4;2016;6;4;2016;7;4;2016;DOG
2016;MARITZA CAMPOS;CERRO COLORADO;;;;;;;18;4;2016;19;4;2016;;;;DOG
2016;MARITZA CAMPOS;CERRO COLORADO;;;;;;;19;4;2016;19;4;2016;;;;DOG
2016;MARITZA CAMPOS;CERRO COLORADO;21;4;2016;25;4;2016;26;4;2016;26;4;2016;26;4;2016;DOG
2016;MARITZA CAMPOS;CERRO COLORADO;;;;;;;25;5;2016;26;5;2016;26;4;2016;DOG
2016;MARITZA CAMPOS;CERRO COLORADO;30;6;2016;2;7;2016;5;7;2016;6;7;2016;6;7;2016;DOG
2016;MARITZA CAMPOS;CERRO COLORADO;20;6;2016;27;6;2016;5;7;2016;6;7;2016;6;7;2016;DOG
2016;MARITZA CAMPOS;CERRO COLORADO;9;7;2016;11;7;2016;11;7;2016;12;7;2016;12;7;2016;DOG
2016;MARITZA CAMPOS;CERRO COLORADO;13;7;2016;18;7;2016;18;7;2016;19;7;2016;20;7;2016;DOG
2016;MARITZA CAMPOS;CERRO COLORADO;5;9;2016;5;9;2016;6;9;2016;7;9;2016;8;9;2016;DOG
2016;MARITZA CAMPOS;CERRO COLORADO;15;9;2016;15;9;2016;19;9;2016;19;9;2016;19;9;2016;DOG
2016;MARITZA CAMPOS;CERRO COLORADO;26;9;2016;26;9;2016;26;9;2016;31;10;2016;1;11;2016;DOG
2016;MARITZA CAMPOS;CERRO COLORADO;25;9;2016;26;9;2016;26;9;2016;31;10;2016;1;11;2016;DOG
2016;MARITZA CAMPOS;CERRO COLORADO;24;9;2016;27;9;2016;28;9;2016;29;9;2016;29;9;2016;DOG
2016;JLBYR;JLBYR;26;9;2016;1;10;2016;3;10;2016;3;10;2016;3;10;2016;DOG
2016;MARITZA CAMPOS;CERRO COLORADO;1;10;2016;2;10;2016;3;10;2016;3;10;2016;2;10;2016;DOG
2016;MARITZA CAMPOS;CERRO COLORADO;7;10;2016;10;10;2016;11;10;2016;11;10;2016;12;10;2016;DOG
2016;MARITZA CAMPOS;CERRO COLORADO;12;10;2016;14;10;2016;14;10;2016;17;10;2016;17;10;2016;DOG
2016;MARITZA CAMPOS;CERRO COLORADO;12;10;2016;14;10;2016;14;10;2016;17;10;2016;17;10;2016;DOG
2016;MARITZA CAMPOS;CERRO COLORADO;15;10;2016;15;10;2016;17;10;2016;18;10;2016;18;10;2016;DOG
2016;MARITZA CAMPOS;CERRO COLORADO;13;10;2016;26;10;2016;27;10;2016;28;10;2016;28;10;2016;DOG
2016;MARITZA CAMPOS;CERRO COLORADO;3;11;2016;5;11;2016;5;11;2016;7;11;2016;8;11;2016;DOG
2016;MARITZA CAMPOS;CERRO COLORADO;17;11;2016;17;11;2016;17;11;2016;18;11;2016;19;11;2016;DOG
2016;MARITZA CAMPOS;CERRO COLORADO;7;12;2016;8;12;2016;9;12;2016;12;12;2016;11;12;2016;DOG
2016;MARITZA CAMPOS;CERRO COLORADO;7;12;2016;11;12;2016;12;12;2016;12;12;2016;11;12;2016;DOG
2016;MARITZA CAMPOS;CERRO COLORADO;13;12;2016;13;12;2016;13;12;2016;15;12;2016;13;12;2016;DOG
2016;MARITZA CAMPOS;CERRO COLORADO;13;12;2016;14;12;2016;14;12;2016;15;12;2016;16;12;2016;DOG
2016;MARITZA CAMPOS;CERRO COLORADO;19;12;2016;19;12;2016;21;12;2016;22;12;2016;23;12;2016;DOG
2017;JAVIER LLOSA;HUNTER;;;;;;;3;1;2017;3;1;2017;;;;DOG
2017;MARITZA CAMPOS;CERRO COLORADO;;;;4;1;2017;4;1;2017;5;1;2017;6;1;2017;DOG
2017;MARITZA CAMPOS;CERRO COLORADO;5;1;2017;6;1;2017;6;1;2017;9;1;2017;10;1;2017;DOG
2017;MARITZA CAMPOS;CERRO COLORADO;15;1;2017;17;1;2017;17;1;2017;18;1;2017;19;1;2017;DOG
2017;MARITZA CAMPOS;CERRO COLORADO;28;1;2017;1;2;2017;1;2;2017;1;2;2017;3;2;2017;DOG
2017;MARITZA CAMPOS;CERRO COLORADO;16;2;2017;16;2;2017;16;2;2017;17;2;2017;17;2;2017;DOG
2017;CIUDAD DE DIOS;YURA;18;2;2017;27;2;2017;2;3;2017;3;3;2017;3;3;2017;DOG
2017;MARITZA CAMPOS;CERRO COLORADO;17;3;2017;24;3;2017;27;3;2017;27;3;2017;;;;DOG
2017;MARITZA CAMPOS;CERRO COLORADO;7;4;2017;9;4;2017;9;4;2017;11;4;2017;;;;DOG
2017;MARITZA CAMPOS;CERRO COLORADO;9;4;2017;10;4;2017;10;4;2017;11;4;2017;;;;DOG
2017;BUENOS AIRES;CAYMA;13;4;2017;15;4;2017;17;4;2017;18;4;2017;19;4;2017;DOG
2017;MARITZA CAMPOS;CERRO COLORADO;12;6;2017;14;6;2017;14;6;2017;15;6;2017;15;6;2017;DOG
2017;MARITZA CAMPOS;CERRO COLORADO;18;6;2017;20;6;2017;20;6;2017;21;6;2017;21;6;2017;DOG
2017;MARITZA CAMPOS;CERRO COLORADO;22;5;2017;22;5;2017;22;5;2017;21;6;2017;22;6;2017;DOG
2017;MARITZA CAMPOS;CERRO COLORADO;17;6;2017;22;6;2017;22;6;2017;8;7;2017;;;;DOG
2017;CIUDAD DE DIOS;YURA;30;6;2017;2;7;2017;3;7;2017;3;7;2017;3;7;2017;DOG
2017;MARITZA CAMPOS;CERRO COLORADO;15;7;2017;18;7;2017;18;7;2017;19;7;2017;20;7;2017;DOG
2017;MARITZA CAMPOS;CERRO COLORADO;29;7;2017;31;7;2017;31;7;2017;3;8;2017;1;8;2017;DOG
2017;MARITZA CAMPOS;CERRO COLORADO;13;8;2017;16;8;2017;16;8;2017;18;8;2017;;;;DOG
2017;MARITZA CAMPOS;CERRO COLORADO;14;9;2017;17;9;2017;18;9;2017;18;9;2017;19;9;2017;DOG
2017;MARITZA CAMPOS;CERRO COLORADO;15;9;2017;26;9;2017;26;9;2017;27;9;2017;28;9;2017;DOG
2017;MARITZA CAMPOS;CERRO COLORADO;11;11;2017;12;11;2017;14;11;2017;14;11;2017;15;11;2017;DOG
2018;MARITZA CAMPOS;CERRO COLORADO;10;1;2018;16;1;2018;18;1;2018;19;1;2018;20;1;2018;DOG
2018;MARITZA CAMPOS;CERRO COLORADO;28;1;2018;28;1;2018;1;2;2018;1;2;2018;2;2;2018;DOG
2018;MARITZA CAMPOS;CERRO COLORADO;10;2;2018;13;2;2018;13;2;2018;14;2;2018;15;2;2018;DOG
2018;MARITZA CAMPOS;CERRO COLORADO;10;2;2018;14;2;2018;14;2;2018;14;2;2018;15;2;2018;DOG
2018;MARITZA CAMPOS;CERRO COLORADO;10;3;2018;12;3;2018;14;3;2018;15;3;2018;16;3;2018;DOG
2018;MARITZA CAMPOS;CERRO COLORADO;;;;;;;26;3;2018;27;3;2018;;;;DOG
2018;MARITZA CAMPOS;CERRO COLORADO;6;4;2018;14;4;2018;14;4;2018;14;4;2018;17;4;2018;DOG
2018;MARITZA CAMPOS;CERRO COLORADO;11;4;2018;14;4;2018;16;4;2018;16;4;2018;14;4;2018;DOG
2018;MARITZA CAMPOS;CERRO COLORADO;25;4;2018;29;4;2018;30;4;2018;30;4;2018;1;5;2018;DOG
2018;MARITZA CAMPOS;CERRO COLORADO;2;5;2018;5;5;2018;5;5;2018;7;5;2018;7;5;2018;DOG
2018;MARITZA CAMPOS;CERRO COLORADO;30;5;2018;1;6;2018;1;6;2018;4;6;2018;4;6;2018;DOG
2018;MARITZA CAMPOS;CERRO COLORADO;12;6;2018;13;6;2018;13;6;2018;13;6;2018;;;;DOG
2018;CIUDAD DE DIOS;YURA;;;;;;;18;5;2018;18;5;2018;18;5;2018;DOG
2018;MARITZA CAMPOS;CERRO COLORADO;31;5;2018;;;;4;6;2018;4;6;2018;4;6;2018;DOG
2018;MARITZA CAMPOS;CERRO COLORADO;27;8;2018;28;8;2018;28;8;2018;29;8;2018;31;8;2018;DOG
2018;MARITZA CAMPOS;CERRO COLORADO;15;9;2018;15;9;2018;17;9;2018;18;9;2018;18;9;2018;DOG
2018;MARITZA CAMPOS;CERRO COLORADO;17;9;2018;17;9;2018;17;9;2018;18;9;2018;19;9;2018;DOG
2018;CIUDAD DE DIOS;YURA;;;;;;;9;10;2018;9;10;2018;11;10;2018;DOG
2018;CIUDAD DE DIOS;YURA;;;;;;;9;10;2018;9;10;2018;11;10;2018;DOG
2018;CIUDAD DE DIOS;YURA;;;;;;;9;10;2018;9;10;2018;11;10;2018;DOG
2018;CIUDAD DE DIOS;YURA;;;;;;;9;10;2018;9;10;2018;11;10;2018;DOG
2018;MARITZA CAMPOS;CERRO COLORADO;;;;;;;25;10;2018;29;10;2018;30;10;2018;DOG
2018;AMPLIACION PAUCARPATA;PAUCARPATA;;;;;;;14;11;2018;16;11;2018;;;;DOG
2018;MARITZA CAMPOS;CERRO COLORADO;;;;;;;15;11;2018;16;11;2018;;;;DOG
2018;MARITZA CAMPOS;CERRO COLORADO;;;;;;;27;11;2018;27;11;2018;27;11;2018;DOG
2018;GENERALISIMO SAN MARTIN;MARIANO MELGAR;;;;;;;11;12;2018;12;12;2018;13;12;2018;DOG
2018;MARITZA CAMPOS;CERRO COLORADO;;;;;;;26;12;2018;26;12;2018;26;12;2018;DOG
2019;MARITZA CAMPOS;CERRO COLORADO;15;1;2019;17;1;2019;17;1;2019;17;1;2019;19;1;2019;DOG
2019;EDIFICADORES MISTI;MIRAFLORES;;;;;;;17;1;2019;17;1;2019;17;1;2019;DOG
2019;MARITZA CAMPOS;CERRO COLORADO;19;1;2019;22;1;2019;22;1;2019;23;1;2019;23;1;2019;DOG
2019;CERRO COLORADO;CERRO COLORADO;24;1;2019;25;1;2019;25;1;2019;28;1;2019;26;1;2019;DOG
2019;FRANCISCO BOLOGNESI;CAYMA;;;;;;;14;2;2019;15;2;2019;19;2;2019;DOG
2019;BUENOS AIRES;CAYMA;;;;;;;18;2;2019;18;2;2019;;;;DOG
2019;CIUDAD DE DIOS;YURA;;;;;;;18;2;2019;23;2;2019;23;2;2019;DOG
2019;MARITZA CAMPOS;CERRO COLORADO;16;3;2019;18;3;2019;18;3;2019;20;3;2019;19;3;2019;DOG
2019;MARITZA CAMPOS;CERRO COLORADO;;;;;;;27;3;2019;28;3;2019;29;3;2019;DOG
2019;MARITZA CAMPOS;CERRO COLORADO;;;;;;;10;4;2019;12;4;2019;11;4;2019;DOG
2019;MARITZA CAMPOS;CERRO COLORADO;;;;;;;17;4;2019;22;4;2019;23;4;2019;DOG
2019;MARITZA CAMPOS;CERRO COLORADO;20;4;2019;22;4;2019;23;4;2019;23;4;2019;24;4;2019;DOG
2019;MARITZA CAMPOS;CERRO COLORADO;24;4;2019;24;4;2019;24;4;2019;29;4;2019;2;5;2019;DOG
2019;BUENOS AIRES;CAYMA;;;;;;;29;4;2019;30;4;2019;29;4;2019;DOG
2019;ALTO SELVA ALEGRE;ALTO SELVA ALEGRE;11;6;2019;13;6;2019;13;6;2019;14;6;2019;14;6;2019;DOG
2019;GENERALISIMO SAN MARTIN;MARIANO MELGAR;;;;;;;13;6;2019;14;6;2019;18;6;2019;DOG
2019;MARITZA CAMPOS;CERRO COLORADO;;;;;;;24;6;2019;25;6;2019;26;6;2019;DOG
2019;EDIFICADORES MISTI;MIRAFLORES;;;;;;;23;7;2019;24;7;2019;25;7;2019;DOG
2019;CIUDAD DE DIOS;YURA;;;;23;7;2019;25;7;2019;25;7;2019;26;7;2019;DOG
2019;CIUDAD DE DIOS;YURA;;;;;;;2;8;2019;5;8;2019;31;7;2019;DOG
2019;FRANCISCO BOLOGNESI;CAYMA;6;8;2019;6;8;2019;7;8;2019;7;8;2019;8;8;2019;DOG
2019;CERRO COLORADO;CERRO COLORADO;;;;;;;9;8;2019;9;8;2019;10;8;2019;DOG
2019;CIUDAD DE DIOS;YURA;30;7;2019;7;8;2019;8;8;2019;12;8;2019;14;8;2019;DOG
2019;MARITZA CAMPOS;CERRO COLORADO;16;8;2019;18;8;2019;19;8;2019;19;8;2019;20;8;2019;DOG
2019;EDIFICADORES MISTI;MIRAFLORES;21;8;2019;29;8;2019;3;9;2019;4;9;2019;30;8;2019;DOG
2019;MARITZA CAMPOS;CERRO COLORADO;4;9;2019;6;9;2019;6;9;2019;10;9;2019;10;9;2019;DOG
2019;MARITZA CAMPOS;CERRO COLORADO;11;9;2019;11;9;2019;11;9;2019;13;9;2019;13;9;2019;DOG
2019;EDIFICADORES MISTI;MIRAFLORES;14;9;2019;16;9;2019;16;9;2019;17;9;2019;18;9;2019;DOG
2019;MARITZA CAMPOS;CERRO COLORADO;20;9;2019;21;9;2019;23;9;2019;24;9;2019;25;9;2019;DOG
2019;MARITZA CAMPOS;CERRO COLORADO;29;9;2019;29;9;2019;30;9;2019;1;10;2019;2;10;2019;DOG
2019;JLBYR;JLBYR;7;10;2019;;;;7;10;2019;7;10;2019;8;10;2019;DOG
2019;MARITZA CAMPOS;CERRO COLORADO;5;10;2019;5;10;2019;5;10;2019;10;10;2019;11;10;2019;DOG
2019;FRANCISCO BOLOGNESI;CAYMA;29;10;2019;31;10;2019;4;11;2019;4;11;2019;4;11;2019;DOG
2019;MARITZA CAMPOS;CERRO COLORADO;9;11;2019;13;11;2019;13;11;2019;14;11;2019;15;11;2019;DOG
2019;15 DE AGOSTO;PAUCARPATA;2;12;2019;5;12;2019;5;12;2019;6;12;2019;7;12;2019;DOG
2019;JLBYR;JLBYR;17;11;2019;25;11;2019;25;11;2019;12;12;2019;13;12;2019;DOG
2019;JLBYR;JLBYR;;;;;;;;;;13;12;2019;14;12;2019;DOG
2019;MARITZA CAMPOS;CERRO COLORADO;23;12;2019;23;12;2019;23;12;2019;24;12;2019;23;12;2019;DOG
2020;CIUDAD DE DIOS;YURA;15;1;2020;18;1;2020;20;1;2020;20;1;2020;22;1;2020;DOG
2020;FRANCISCO BOLOGNESI;CAYMA;31;1;2020;1;2;2020;3;2;2020;3;2;2020;3;2;2020;DOG
2020;CIUDAD DE DIOS;YURA;31;2;2020;4;2;2020;4;2;2020;5;2;2020;5;2;2020;DOG
2020;15 DE AGOSTO;PAUCARPATA;10;2;2020;10;2;2020;10;2;2020;11;2;2020;12;2;2020;DOG
2020;CIUDAD DE DIOS;YURA;10;2;2020;12;2;2020;13;2;2020;14;2;2020;14;2;2020;DOG
2020;AMPLIACION PAUCARPATA;PAUCARPATA;6;2;2020;13;2;2020;13;2;2020;14;2;2020;15;2;2020;DOG
2020;CIUDAD DE DIOS;YURA;28;2;2020;2;3;2020;3;3;2020;3;3;2020;3;3;2020;DOG
2020;MARITZA CAMPOS;CERRO COLORADO;5;3;2020;7;3;2020;10;3;2020;10;3;2020;11;3;2020;DOG
2020;MARITZA CAMPOS;CERRO COLORADO;5;3;2020;7;3;2020;9;3;2020;10;3;2020;10;3;2020;DOG
2020;FRANCISCO BOLOGNESI;CAYMA;2;6;2020;3;6;2020;3;6;2020;4;6;2020;5;6;2020;DOG
2020;CIUDAD DE DIOS;YURA;23;9;2020;26;9;2020;29;9;2020;30;9;2020;28;9;2020;DOG
2020;MARITZA CAMPOS;CERRO COLORADO;12;10;2020;14;10;2020;14;10;2020;15;10;2020;17;10;2020;DOG
2020;GENERALISIMO SAN MARTIN;MARIANO MELGAR;9;11;2020;11;11;2020;13;11;2020;13;11;2020;14;11;2020;DOG
2020;BUENOS AIRES;CAYMA;14;11;2020;16;11;2020;18;11;2020;18;11;2020;19;11;2020;DOG
2020;BUENOS AIRES;CAYMA;21;11;2020;25;11;2020;25;11;2020;26;11;2020;27;11;2020;DOG
2020;MARITZA CAMPOS;CERRO COLORADO;24;11;2020;26;11;2020;28;11;2020;30;11;2020;2;12;2020;DOG
2020;CIUDAD DE DIOS;YURA;28;11;2020;29;11;2020;30;11;2020;2;12;2020;4;12;2020;DOG
2020;MARITZA CAMPOS;CERRO COLORADO;29;11;2020;2;12;2020;4;12;2020;7;12;2020;4;12;2020;DOG
2020;CIUDAD DE DIOS;YURA;11;12;2020;15;12;2020;15;12;2020;16;12;2020;16;12;2020;DOG
2020;MARITZA CAMPOS;CERRO COLORADO;18;12;2020;20;12;2020;21;12;2020;21;12;2020;21;12;2020;DOG
2020;MARITZA CAMPOS;CERRO COLORADO;17;12;2020;19;12;2020;21;12;2020;21;12;2020;21;12;2020;DOG
2021;CIUDAD DE DIOS;YURA;2;1;2021;5;1;2021;7;1;2021;8;1;2021;11;1;2021;DOG
2021;MARITZA CAMPOS;CERRO COLORADO;10;1;2021;11;1;2021;12;1;2021;13;1;2021;13;1;2021;DOG
2021;MARITZA CAMPOS;CERRO COLORADO;10;1;2021;14;1;2021;15;1;2021;15;1;2021;15;1;2021;DOG
2021;MARITZA CAMPOS;CERRO COLORADO;8;1;2021;11;1;2021;15;1;2021;15;1;2021;15;1;2021;DOG
2021;MARITZA CAMPOS;CERRO COLORADO;10;1;2021;14;1;2021;18;1;2021;18;1;2021;18;1;2021;DOG
2021;CIUDAD DE DIOS;YURA;16;1;2021;18;1;2021;21;1;2021;21;1;2021;22;1;2021;DOG
2021;CIUDAD DE DIOS;YURA;18;1;2021;24;1;2021;25;1;2021;25;1;2021;25;1;2021;DOG
2021;MARITZA CAMPOS;CERRO COLORADO;22;1;2021;22;1;2021;25;1;2021;25;1;2021;26;1;2021;DOG
2021;MARITZA CAMPOS;CERRO COLORADO;22;1;2021;22;1;2021;25;1;2021;25;1;2021;26;1;2021;DOG
2021;BUENOS AIRES;CAYMA;24;1;2021;25;1;2021;25;1;2021;26;1;2021;27;1;2021;DOG
2021;CIUDAD DE DIOS;YURA;5;2;2021;7;2;2021;8;2;2021;8;2;2021;9;2;2021;DOG
2021;MARITZA CAMPOS;CERRO COLORADO;7;2;2021;8;2;2021;8;2;2021;9;2;2021;9;2;2021;DOG
2021;CIUDAD DE DIOS;YURA;4;2;2021;5;2;2021;8;2;2021;9;2;2021;9;2;2021;DOG
2021;PEDREGAL;PEDREGAL;5;2;2021;9;2;2021;11;2;2021;11;2;2021;12;2;2021;DOG
2021;MARITZA CAMPOS;CERRO COLORADO;9;2;2021;15;2;2021;16;2;2021;17;2;2021;19;2;2021;DOG
2021;PEDREGAL;PEDREGAL;22;2;2021;24;2;2021;25;2;2021;26;2;2021;27;2;2021;DOG
2021;MARITZA CAMPOS;CERRO COLORADO;25;2;2021;26;2;2021;27;2;2021;1;3;2021;1;3;2021;DOG
2021;MARITZA CAMPOS;CERRO COLORADO;24;2;2021;28;2;2021;1;3;2021;2;3;2021;3;3;2021;DOG
2021;PEDREGAL;PEDREGAL;26;2;2021;3;3;2021;3;3;2021;5;3;2021;5;3;2021;DOG
2021;PEDREGAL;PEDREGAL;5;3;2021;5;3;2021;8;3;2021;8;3;2021;8;3;2021;DOG
2021;PEDREGAL;PEDREGAL;5;3;2021;6;3;2021;6;3;2021;8;3;2021;6;3;2021;DOG
2021;MARITZA CAMPOS;CERRO COLORADO;;;;9;3;2021;9;3;2021;10;3;2021;11;3;2021;DOG
2021;MARITZA CAMPOS;CERRO COLORADO;;;;9;3;2021;9;3;2021;10;3;2021;11;3;2021;DOG
2021;CIUDAD DE DIOS;YURA;12;3;2021;12;3;2021;13;3;2021;15;3;2021;15;3;2021;DOG
2021;YANAHUARA;AREQUIPA;14;3;2021;14;3;2021;15;3;2021;15;3;2021;15;3;2021;DOG
2021;MARITZA CAMPOS;CERRO COLORADO;10;3;2021;10;3;2021;15;3;2021;15;3;2021;16;3;2021;DOG
2021;MARITZA CAMPOS;CERRO COLORADO;9;3;2021;12;3;2021;15;3;2021;15;3;2021;16;3;2021;DOG
2021;MARITZA CAMPOS;CERRO COLORADO;;;;;;;19;3;2021;22;3;2021;23;3;2021;DOG
2021;PEDREGAL;PEDREGAL;18;3;2021;20;3;2021;22;3;2021;22;3;2021;23;3;2021;DOG
2021;MARITZA CAMPOS;CERRO COLORADO;20;3;2021;22;3;2021;24;3;2021;24;3;2021;24;3;2021;DOG
2021;MARITZA CAMPOS;CERRO COLORADO;26;3;2021;26;3;2021;27;3;2021;29;3;2021;30;3;2021;DOG
2021;MARITZA CAMPOS;CERRO COLORADO;29;3;2021;30;3;2021;31;3;2021;5;4;2021;3;4;2021;DOG
2021;MARITZA CAMPOS;CERRO COLORADO;25;3;2021;31;3;2021;3;4;2021;6;4;2021;7;4;2021;DOG
2021;MARITZA CAMPOS;CERRO COLORADO;20;4;2021;20;4;2021;20;4;2021;21;4;2021;22;4;2021;DOG
2021;PEDREGAL;PEDREGAL;12;4;2021;18;4;2021;20;4;2021;21;4;2021;22;4;2021;DOG
2021;MARITZA CAMPOS;CERRO COLORADO;;;;;;;20;4;2021;21;4;2021;22;4;2021;DOG
2021;15 DE AGOSTO;PAUCARPATA;;;;;;;6;5;2021;7;5;2021;8;5;2021;DOG
2021;MARITZA CAMPOS;CERRO COLORADO;10;5;2021;11;5;2021;12;5;2021;12;5;2021;12;5;2021;DOG
2021;MARITZA CAMPOS;CERRO COLORADO;7;6;2021;9;6;2021;10;6;2021;11;6;2021;11;6;2021;DOG
2021;MARITZA CAMPOS;CERRO COLORADO;12;6;2021;14;6;2021;14;6;2021;15;6;2021;15;6;2021;DOG
2021;PEDREGAL;PEDREGAL;10;6;2021;14;6;2021;15;6;2021;17;6;2021;17;6;2021;DOG
2021;MARITZA CAMPOS;CERRO COLORADO;26;6;2021;29;6;2021;30;6;2021;30;6;2021;1;7;2021;DOG
2021;MARITZA CAMPOS;CERRO COLORADO;4;7;2021;6;7;2021;7;7;2021;7;7;2021;7;7;2021;DOG
2021;MARITZA CAMPOS;CERRO COLORADO;14;7;2021;15;7;2021;16;7;2021;16;7;2021;17;7;2021;DOG
2021;MARITZA CAMPOS;CERRO COLORADO;31;7;2021;3;8;2021;5;8;2021;6;8;2021;7;8;2021;DOG
2021;CIUDAD DE DIOS;YURA;3;8;2021;6;8;2021;6;8;2021;9;8;2021;11;8;2021;DOG
2021;MARITZA CAMPOS;CERRO COLORADO;6;8;2021;9;8;2021;11;8;2021;11;8;2021;12;8;2021;DOG
2021;PEDREGAL;PEDREGAL;9;8;2021;9;8;2021;11;8;2021;11;8;2021;12;8;2021;DOG
2021;PEDREGAL;PEDREGAL;9;8;2021;10;8;2021;11;8;2021;11;8;2021;12;8;2021;DOG
2021;MARITZA CAMPOS;CERRO COLORADO;9;8;2021;12;8;2021;13;8;2021;17;8;2021;18;8;2021;DOG
2021;MARITZA CAMPOS;CERRO COLORADO;8;8;2021;15;8;2021;17;8;2021;17;8;2021;17;8;2021;DOG
2021;MARITZA CAMPOS;CERRO COLORADO;;;;21;8;2021;24;8;2021;24;8;2021;25;8;2021;DOG
2021;MARITZA CAMPOS;CERRO COLORADO;23;8;2021;25;8;2021;26;8;2021;27;8;2021;27;8;2021;DOG
2021;MARITZA CAMPOS;CERRO COLORADO;;;;;;;3;9;2021;6;9;2021;9;9;2021;DOG
2021;MARITZA CAMPOS;CERRO COLORADO;9;9;2021;10;9;2021;13;9;2021;14;9;2021;13;9;2021;DOG
2021;MARITZA CAMPOS;CERRO COLORADO;23;9;2021;24;9;2021;27;9;2021;27;9;2021;28;9;2021;DOG
2021;MARISCAL CASTILLA;CERRO COLORADO;25;9;2021;26;9;2021;28;9;2021;29;9;2021;30;9;2021;DOG
2021;MARITZA CAMPOS;CERRO COLORADO;1;10;2021;1;10;2021;4;10;2021;4;10;2021;4;10;2021;DOG
2021;MARITZA CAMPOS;CERRO COLORADO;9;10;2021;10;10;2021;13;10;2021;14;10;2021;15;10;2021;DOG
2021;SOCABAYA;SOCABAYA;10;10;2021;14;10;2021;15;10;2021;15;10;2021;16;10;2021;DOG
2021;CERRO COLORADO;CERRO COLORADO;17;10;2021;22;10;2021;22;10;2021;25;10;2021;23;10;2021;DOG
2021;MARITZA CAMPOS;CERRO COLORADO;23;10;2021;26;10;2021;26;10;2021;27;10;2021;28;10;2021;DOG
2021;CIUDAD DE DIOS;YURA;19;10;2021;25;10;2021;27;10;2021;28;10;2021;30;10;2021;DOG
2021;MARITZA CAMPOS;CERRO COLORADO;30;10;2021;30;10;2021;2;11;2021;3;11;2021;2;11;2021;DOG
2021;FRANCISCO BOLOGNESI;CAYMA;30;10;2021;1;11;2021;3;11;2021;4;11;2021;3;11;2021;DOG
2021;GENERALISIMO SAN MARTIN;MARIANO MELGAR;2;11;2021;3;11;2021;3;11;2021;4;11;2021;5;11;2021;DOG
2021;MARISCAL CASTILLA;CERRO COLORADO;13;11;2021;14;11;2021;17;11;2021;17;11;2021;18;11;2021;DOG
2021;MARISCAL CASTILLA;CERRO COLORADO;;;;;;;17;11;2021;17;11;2021;18;11;2021;DOG
2021;MARISCAL CASTILLA;CERRO COLORADO;22;11;2021;26;11;2021;29;11;2021;29;11;2021;30;11;2021;DOG
2021;MARITZA CAMPOS;CERRO COLORADO;3;12;2021;4;12;2021;7;12;2021;7;12;2021;9;12;2021;DOG
2021;MARITZA CAMPOS;CERRO COLORADO;9;12;2021;11;12;2021;13;12;2021;13;12;2021;13;12;2021;DOG
2021;MARITZA CAMPOS;CERRO COLORADO;;;;;;;14;12;2021;14;12;2021;15;12;2021;DOG
2021;MARISCAL CASTILLA;CERRO COLORADO;13;12;2021;15;12;2021;15;12;2021;15;12;2021;16;12;2021;DOG
2021;MARITZA CAMPOS;CERRO COLORADO;22;12;2021;28;12;2021;29;12;2021;29;12;2021;30;12;2021;DOG
2022;SOCABAYA;SOCABAYA;24;1;2022;27;1;2022;28;1;2022;28;1;2022;29;1;2022;DOG
2022;CHARACATO;QUEQUEÑA;7;2;2022;8;2;2022;8;2;2022;8;2;2022;12;2;2022;DOG
2022;CHARACATO;QUEQUEÑA;;2;2022;;2;2022;14;2;2022;14;2;2022;15;2;2022;DOG
2022;MARITZA CAMPOS;CERRO COLORADO;13;2;2022;18;2;2022;21;2;2022;21;2;2022;22;2;2022;DOG
2022;CHARACATO;MOLLEBAYA;14;3;2022;16;3;2022;17;3;2022;17;3;2022;18;3;2022;DOG
2022;JAVIER LLOSA;HUNTER;18;3;2022;19;3;2022;21;3;2022;21;3;2022;22;3;2022;DOG
2022;JAVIER LLOSA;HUNTER;21;3;2022;22;3;2022;23;3;2022;23;3;2022;24;3;2022;DOG
2022;MARITZA CAMPOS;CERRO COLORADO;20;3;2022;22;3;2022;23;3;2022;24;3;2022;23;3;2022;DOG
2022;CHARACATO;MOLLEBAYA;23;3;2022;25;3;2022;28;3;2022;28;3;2022;29;3;2022;DOG
2022;MARITZA CAMPOS;CERRO COLORADO;24;3;2022;31;3;2022;1;4;2022;4;4;2022;5;4;2022;DOG
2022;CHARACATO;MOLLEBAYA;15;4;2022;15;4;2022;18;4;2022;18;4;2022;19;4;2022;DOG
2022;SOCABAYA;SOCABAYA;15;4;2022;20;4;2022;21;4;2022;21;4;2022;22;4;2022;DOG
2022;CHARACATO;MOLLEBAYA;24;4;2022;28;4;2022;28;4;2022;29;4;2022;30;4;2022;DOG
2022;CHARACATO;CHARACATO;;;;12;5;2022;13;5;2022;16;5;2022;26;5;2022;DOG
2022;MARITZA CAMPOS;CERRO COLORADO;6;6;2022;8;6;2022;10;6;2022;10;6;2022;11;6;2022;DOG
2022;CIUDAD DE DIOS;YURA;9;6;2022;10;6;2022;10;6;2022;10;6;2022;11;6;2022;DOG
2022;CIUDAD DE DIOS;YURA;20;6;2022;20;6;2022;21;6;2022;21;6;2022;20;6;2022;DOG
2022;JAVIER LLOSA;HUNTER;17;6;2022;19;6;2022;22;6;2022;23;6;2022;24;6;2022;DOG
2022;CIUDAD DE DIOS;YURA;25;6;2022;28;6;2022;1;7;2022;5;7;2022;1;7;2022;DOG
2022;FRANCISCO BOLOGNESI;CAYMA;7;7;2022;7;7;2022;11;7;2022;13;7;2022;14;7;2022;DOG
2022;JAVIER LLOSA;HUNTER;11;7;2022;11;7;2022;12;7;2022;13;7;2022;14;7;2022;DOG
2022;MARITZA CAMPOS;CERRO COLORADO;8;7;2022;13;7;2022;15;7;2022;15;7;2022;16;7;2022;DOG
2022;MARITZA CAMPOS;CERRO COLORADO;12;8;2022;12;8;2022;16;8;2022;16;8;2022;17;8;2022;DOG
2022;MARITZA CAMPOS;CERRO COLORADO;9;8;2022;14;8;2022;16;8;2022;16;8;2022;17;8;2022;DOG
2022;CHARACATO;CHARACATO;20;8;2022;29;8;2022;31;8;2022;31;8;2022;1;9;2022;DOG
2022;MARIANO MELGAR;AREQUIPA;;;;;;;5;9;2022;5;9;2022;6;9;2022;DOG
2022;CIUDAD DE DIOS;YURA;30;8;2022;3;9;2022;6;9;2022;7;9;2022;5;9;2022;DOG
2022;CIUDAD DE DIOS;YURA;10;9;2022;11;9;2022;12;9;2022;12;9;2022;13;9;2022;DOG
2022;PEDREGAL;PEDREGAL;4;9;2022;7;9;2022;7;9;2022;13;9;2022;8;9;2022;DOG
2022;CIUDAD DE DIOS;YURA;13;9;2022;13;9;2022;14;9;2022;14;9;2022;15;9;2022;DOG
2022;CHARACATO;CHARACATO;12;9;2022;15;9;2022;16;9;2022;16;9;2022;17;9;2022;DOG
2022;MARITZA CAMPOS;CERRO COLORADO;26;9;2022;27;9;2022;27;9;2022;29;9;2022;28;9;2022;DOG
2022;CIUDAD DE DIOS;YURA;5;10;2022;7;10;2022;10;10;2022;11;10;2022;9;10;2022;DOG
2022;MARISCAL CASTILLA;CERRO COLORADO;6;10;2022;10;10;2022;11;10;2022;14;10;2022;13;10;2022;DOG
2022;MARISCAL CASTILLA;CERRO COLORADO;8;10;2022;13;10;2022;13;10;2022;14;10;2022;17;10;2022;DOG
2022;CHARACATO;CHARACATO;13;10;2022;16;10;2022;18;10;2022;18;10;2022;19;10;2022;DOG
2022;PEDREGAL;PEDREGAL;15;10;2022;15;10;2022;17;10;2022;18;10;2022;19;10;2022;DOG
2022;ALTO SELVA ALEGRE;ALTO SELVA ALEGRE;7;10;2022;14;10;2022;18;10;2022;18;10;2022;19;10;2022;DOG
2022;FRANCISCO BOLOGNESI;CAYMA;23;10;2022;25;10;2022;26;10;2022;27;10;2022;28;10;2022;DOG
2022;CIUDAD DE DIOS;YURA;3;11;2022;4;11;2022;7;11;2022;7;11;2022;8;11;2022;DOG
2022;FRANCISCO BOLOGNESI;CAYMA;14;11;2022;15;11;2022;15;11;2022;15;11;2022;15;11;2022;DOG
2022;JAVIER LLOSA;HUNTER;8;11;2022;10;11;2022;14;11;2022;15;11;2022;16;11;2022;DOG
2022;FRANCISCO BOLOGNESI;CAYMA;15;11;2022;17;11;2022;18;11;2022;21;11;2022;17;11;2022;DOG
2022;MARITZA CAMPOS;CERRO COLORADO;14;11;2022;17;11;2022;18;11;2022;21;11;2022;22;11;2022;DOG
2022;TIABAYA;TIABAYA;23;11;2022;29;11;2022;29;11;2022;1;12;2022;2;12;2022;DOG
2022;CIUDAD DE DIOS;YURA;6;12;2022;9;12;2022;10;12;2022;12;12;2022;11;12;2022;DOG
2022;CIUDAD DE DIOS;YURA;12;12;2022;15;12;2022;19;12;2022;19;12;2022;16;12;2022;DOG
2022;CIUDAD DE DIOS;YURA;14;12;2022;17;12;2022;19;12;2022;19;12;2022;20;12;2022;DOG
2022;MARITZA CAMPOS;CERRO COLORADO;26;12;2022;27;12;2022;28;12;2022;28;12;2022;29;12;2022;DOG
2022;CIUDAD DE DIOS;YURA;28;12;2022;28;12;2022;29;12;2022;30;12;2022;30;12;2022;DOG
2023;ALTO SELVA ALEGRE;ALTO SELVA ALEGRE;6;1;2023;7;1;2023;9;1;2023;10;1;2023;11;1;2023;DOG
2023;CHARACATO;CHARACATO;13;1;2023;16;1;2023;17;1;2023;18;1;2023;19;1;2023;DOG
2023;CIUDAD DE DIOS;YURA;3;2;2023;7;2;2023;7;2;2023;8;2;2023;9;2;2023;DOG
2023;MARITZA CAMPOS;CERRO COLORADO;15;2;2023;17;2;2023;17;2;2023;17;2;2023;18;2;2023;DOG
2023;MARITZA CAMPOS;CERRO COLORADO;11;2;2023;18;2;2023;20;2;2023;20;2;2023;20;2;2023;DOG
2023;CIUDAD DE DIOS;YURA;26;2;2023;2;3;2023;3;3;2023;3;3;2023;3;3;2023;DOG
2023;CIUDAD DE DIOS;YURA;9;3;2023;11;3;2023;13;3;2023;13;3;2023;13;3;2023;DOG
2023;MARITZA CAMPOS;CERRO COLORADO;13;3;2023;14;3;2023;14;3;2023;15;3;2023;15;3;2023;DOG
2023;CIUDAD DE DIOS;YURA;31;3;2023;1;4;2023;3;4;2023;3;4;2023;3;4;2023;DOG
2023;CERRO COLORADO;CERRO COLORADO;4;4;2023;5;4;2023;5;4;2023;10;4;2023;10;4;2023;DOG
2023;AMPLIACION PAUCARPATA;PAUCARPATA;11;4;2023;16;4;2023;17;4;2023;17;4;2023;18;4;2023;DOG
2023;AMPLIACION PAUCARPATA;PAUCARPATA;20;4;2023;22;4;2023;24;4;2023;24;4;2023;25;4;2023;DOG
2023;MARIANO MELGAR;MARIANO MELGAR;26;4;2023;30;4;2023;3;5;2023;3;5;2023;5;5;2023;DOG
2023;ALTO SELVA ALEGRE;ALTO SELVA ALEGRE;;;;23;5;2023;23;5;2023;24;5;2023;25;5;2023;DOG
2023;SOCABAYA;SOCABAYA;22;5;2023;;;;29;5;2023;30;5;2023;31;5;2023;DOG
2023;CHARACATO;MOLLEBAYA;24;5;2023;29;5;2023;29;5;2023;30;5;2023;31;5;2023;DOG
2023;SOCABAYA;SOCABAYA;22;5;2023;2;6;2023;2;6;2023;5;6;2023;6;6;2023;DOG
2023;CIUDAD DE DIOS;YURA;24;5;2023;3;6;2023;5;6;2023;5;6;2023;;;;DOG
2023;SOCABAYA;SOCABAYA;14;6;2023;17;6;2023;20;6;2023;20;6;2023;21;6;2023;DOG
2023;MARIANO MELGAR;MARIANO MELGAR;18;6;2023;21;6;2023;21;6;2023;22;6;2023;23;6;2023;DOG
2023;BUENOS AIRES;CAYMA;7;7;2023;7;7;2023;13;7;2023;13;7;2023;14;7;2023;DOG
2023;MARISCAL CASTILLA;CERRO COLORADO;19;7;2023;21;7;2023;24;7;2023;25;7;2023;26;7;2023;DOG
2023;15 DE AGOSTO;PAUCARPATA;;;;16;8;2023;17;8;2023;17;8;2023;18;8;2023;DOG
2023;CIUDAD DE DIOS;YURA;24;8;2023;25;8;2023;28;8;2023;28;8;2023;26;8;2023;DOG
2023;CIUDAD BLANCA;PAUCARPATA;24;8;2023;28;8;2023;29;8;2023;29;8;2023;31;8;2023;DOG
2023;JLBYR;JLBYR;6;10;2023;6;10;2023;9;10;2023;10;10;2023;11;10;2023;DOG
2023;JLBYR;JLBYR;18;10;2023;18;10;2023;19;10;2023;19;10;2023;20;10;2023;DOG
2023;SOCABAYA;SOCABAYA;28;11;2023;1;12;2023;1;12;2023;5;12;2023;6;12;2023;DOG
2023;SOCABAYA;SOCABAYA;;;;1;12;2023;1;12;2023;5;12;2023;6;12;2023;DOG
2024;GENERALISIMO SAN MARTIN;MARIANO MELGAR;;;;2;2;2024;2;2;2024;5;2;2024;6;2;2024;DOG
2024;MARITZA CAMPOS;CERRO COLORADO;;;;13;2;2024;14;2;2024;14;2;2024;15;2;2024;DOG
2024;MARITZA CAMPOS;CERRO COLORADO;13;4;2024;13;4;2024;15;4;2024;17;4;2024;18;4;2024;DOG
2024;AMPLIACION PAUCARPATA;PAUCARPATA;27;4;2024;29;4;2024;29;4;2024;2;5;2024;3;5;2024;DOG
2024;EDIFICADORES MISTI;MIRAFLORES;7;8;2024;13;8;2024;12;8;2024;13;8;2024;13;8;2024;DOG
2024;SOCABAYA;SOCABAYA;2;11;2024;4;11;2024;5;11;2024;12;11;2024;6;11;2024;DOG